{
  "train_loss": [
    0.29437475370773725,
    0.14694677415246649,
    0.12102952276412296,
    0.09722769738506908,
    0.0804946040719442,
    0.07325970757214703,
    0.10723652194762796,
    0.06955811134722938,
    0.0840546325570294,
    0.11321456314357566,
    0.05889357999210479,
    0.06298349683565517,
    0.06401284098314722,
    0.049285372403233094,
    0.047711540750531946,
    0.04391498674695321,
    0.03917542975083267,
    0.032855758911721204,
    0.028235015631073383,
    0.04392767167301716,
    0.03358693796554698,
    0.026686555932423577,
    0.02552367460115723,
    0.02544190629047396,
    0.023505848104268142,
    0.023899323496020537,
    0.020769089371808776,
    0.020760266649593417,
    0.022805350313969085,
    0.016490402324209112,
    0.0176322227519707,
    0.012506220449959497,
    0.013281383677629969,
    0.013240629233515759,
    0.02231808275229614,
    0.013848809045658267,
    0.011904456736703022,
    0.01079117848426123,
    0.010615180924814116,
    0.010426926520437984
  ],
  "train_acc": [
    0.6800992750310234,
    0.8296649467702959,
    0.861472144210045,
    0.8810659003330938,
    0.8926915289661028,
    0.9058846580889557,
    0.8830252759453987,
    0.9078440337012605,
    0.8970021553131735,
    0.8644112076285024,
    0.9150284109463784,
    0.9197962249363203,
    0.914832473385148,
    0.928939977793743,
    0.9250865390895434,
    0.9372346678858338,
    0.9358631049572202,
    0.9472274835085885,
    0.949382796682124,
    0.9414799817124943,
    0.9463131082228463,
    0.9544118607537064,
    0.9551956109986285,
    0.9568284240088825,
    0.9595062373456992,
    0.9582652994579061,
    0.9615962379988243,
    0.9656456142642544,
    0.9655149892234342,
    0.9694337404480439,
    0.9710012409378878,
    0.9750506172033179,
    0.9743974919992162,
    0.9753771798053686,
    0.976291555091111,
    0.9742015544379857,
    0.9775324929789041,
    0.9775324929789041,
    0.9786428058258768,
    0.9792959310299785
  ],
  "val_loss": [
    0.5245223206038759,
    0.5178044036638026,
    0.4437349713957297,
    0.32350925975085054,
    0.3165997260229715,
    0.2913771961487697,
    0.327223113649442,
    0.2902361437475918,
    0.33256793802247897,
    0.33739896525036206,
    0.28903020237929644,
    0.2635710117803223,
    0.3227471085021987,
    0.3307051119261276,
    0.2278666221376123,
    0.27517746432510165,
    0.3042133605436596,
    0.28548932170481767,
    0.2890988906364705,
    0.2777786502768378,
    0.30355809213225743,
    0.31368780894401554,
    0.30549641202672023,
    0.35113630153417835,
    0.33085209724484566,
    0.30180916345854414,
    0.3099077432304465,
    0.3421393142411701,
    0.27183328312797356,
    0.2994295227241118,
    0.2738243072929178,
    0.30923752736615534,
    0.31300813154304785,
    0.3351538431448249,
    0.30227914957822055,
    0.2939099748166377,
    0.3203427511011421,
    0.33557460618243323,
    0.3519507125720709,
    0.32910253209535856
  ],
  "val_acc": [
    0.7808254963427377,
    0.7978056426332288,
    0.8482236154649948,
    0.8808777429467085,
    0.8636363636363636,
    0.898380355276907,
    0.8735632183908046,
    0.8926332288401254,
    0.8746081504702194,
    0.8845350052246604,
    0.9028213166144201,
    0.9070010449320794,
    0.8753918495297806,
    0.8999477533960293,
    0.914576802507837,
    0.8892371995820272,
    0.9164054336468129,
    0.9177115987460815,
    0.9211076280041798,
    0.9132706374085684,
    0.9059561128526645,
    0.9310344827586207,
    0.9255485893416928,
    0.9184952978056427,
    0.9239811912225705,
    0.9346917450365726,
    0.9320794148380356,
    0.9312957157784744,
    0.9357366771159875,
    0.937042842215256,
    0.9341692789968652,
    0.9417450365726228,
    0.9362591431556949,
    0.9409613375130617,
    0.9417450365726228,
    0.940700104493208,
    0.9388714733542319,
    0.9417450365726228,
    0.9409613375130617,
    0.9422675026123302
  ],
  "val_macro_f1": [
    0.7173386507546012,
    0.7180848006922955,
    0.7961119919278195,
    0.8481441493624956,
    0.8244061024828298,
    0.8478480950056067,
    0.8421768414722325,
    0.8596230431923959,
    0.7822901457704785,
    0.8512559079681785,
    0.8698719300905466,
    0.8384854873597755,
    0.8425056677938734,
    0.8459138586646774,
    0.8909443937943797,
    0.8646912942782516,
    0.8851173106076595,
    0.8832127576374238,
    0.8879842745162476,
    0.8911624327043555,
    0.8740564015187837,
    0.9059715201942831,
    0.9028531317655474,
    0.8854362058745124,
    0.8824089859935571,
    0.9064770309749641,
    0.9050255268628582,
    0.9029194563651143,
    0.9083021856162548,
    0.9124961035725884,
    0.908231759871635,
    0.9171842946079036,
    0.9098134035883145,
    0.9149839920282619,
    0.9198366721887568,
    0.917455751378953,
    0.9150718270498864,
    0.916791969414392,
    0.9167186961301597,
    0.9182429214977441
  ]
}