{
  "train_loss": [
    0.23707355716633194,
    0.11695055736213131,
    0.10058234817513323,
    0.076882912704311,
    0.07414121862960028,
    0.07712059202216832,
    0.07325470953621128,
    0.04930645720684677,
    0.06000652984217764,
    0.09606755053050668,
    0.044605011737589566,
    0.037384232093870394,
    0.031962402458487284,
    0.03075911341855842,
    0.026120969714589205,
    0.02813894978633362,
    0.02411947487941971,
    0.02577178661773132,
    0.025214573368673446,
    0.020342444739571575,
    0.01904822892851431,
    0.019098810573716096,
    0.019056776165864896,
    0.01905280171055523,
    0.020160217500649367,
    0.01830337795223762,
    0.01806455878777795,
    0.020941837227694486,
    0.01730818929572597,
    0.017831688237687764,
    0.017684982529866364,
    0.018930722968889462,
    0.016243661566668538,
    0.01878006665405789,
    0.015859631372548907,
    0.016643838256103115,
    0.01686971156598967,
    0.016728563951299808,
    0.015271218061830598,
    0.017964820486834832
  ],
  "train_acc": [
    0.764287113839723,
    0.8689830840572138,
    0.881914963098426,
    0.8987002808438378,
    0.9071909084971589,
    0.9099993468747959,
    0.9115668473646398,
    0.9278949774671804,
    0.9197962249363203,
    0.9025537195480373,
    0.9324668538958918,
    0.9394552935797792,
    0.9466396708248971,
    0.9503624844882764,
    0.9557181111619097,
    0.9540852981516557,
    0.9583306119783163,
    0.9583959244987265,
    0.9574815492129841,
    0.9630984259682581,
    0.9661681144275358,
    0.9671478022336882,
    0.9676049898765593,
    0.9656456142642544,
    0.9638168636927699,
    0.9668212396316374,
    0.967082489713278,
    0.9634249885703089,
    0.9685193651623016,
    0.9676703023969695,
    0.967474364835739,
    0.9670171771928678,
    0.9675396773561492,
    0.964274051335641,
    0.970674678335837,
    0.9705440532950167,
    0.9693031154072236,
    0.9700215531317353,
    0.9718503037032199,
    0.9689112402847626
  ],
  "val_loss": [
    0.3514989429818176,
    0.4371913272260748,
    0.3196896703577091,
    0.35635400648338794,
    0.3667954412622761,
    0.3490723147599052,
    0.31986155606175665,
    0.2833193988386491,
    0.35914577937674247,
    0.2656509223838834,
    0.22702087644125601,
    0.207472213834929,
    0.20772261768112363,
    0.22162546637850494,
    0.2335966667598318,
    0.21266028708549628,
    0.21125551292141403,
    0.2063913332724646,
    0.21078230094947037,
    0.2054352780089732,
    0.2117964087235143,
    0.20783408688402724,
    0.2038966729349477,
    0.21101597916868164,
    0.22159710613662298,
    0.21727739649755703,
    0.248017320189481,
    0.23783846691546645,
    0.24730680422037996,
    0.24789394087925973,
    0.2366850741262097,
    0.2270427100523886,
    0.2278710242006597,
    0.21587026981849033,
    0.23296987404706213,
    0.2320211720628549,
    0.22530170350239195,
    0.23318889469313148,
    0.21912707520751992,
    0.21660878531860583
  ],
  "val_acc": [
    0.8526645768025078,
    0.8380355276907001,
    0.8719958202716823,
    0.8746081504702194,
    0.8557993730407524,
    0.8560606060606061,
    0.9059561128526645,
    0.9036050156739812,
    0.8863636363636364,
    0.9049111807732497,
    0.9164054336468129,
    0.9260710553814002,
    0.9247648902821317,
    0.9320794148380356,
    0.927115987460815,
    0.9268547544409613,
    0.9310344827586207,
    0.93521421107628,
    0.9294670846394985,
    0.9399164054336469,
    0.9414838035527691,
    0.9393939393939394,
    0.9388714733542319,
    0.9404388714733543,
    0.9414838035527691,
    0.9391327063740856,
    0.9412225705329154,
    0.9409613375130617,
    0.9393939393939394,
    0.9409613375130617,
    0.9396551724137931,
    0.9412225705329154,
    0.9420062695924765,
    0.9417450365726228,
    0.9399164054336469,
    0.9414838035527691,
    0.9427899686520376,
    0.940700104493208,
    0.9391327063740856,
    0.9425287356321839
  ],
  "val_macro_f1": [
    0.7978618750199455,
    0.7611510005788016,
    0.8152233718459059,
    0.8296472623272156,
    0.8032269971978054,
    0.7951042252568492,
    0.864320349875259,
    0.8758794114376891,
    0.8352959321556725,
    0.8597440199638298,
    0.8756385875493946,
    0.8884698830504321,
    0.8933204834527837,
    0.8956060100435274,
    0.8897986261778102,
    0.9055366314854847,
    0.8998189710729414,
    0.9106430044422231,
    0.9100577826962886,
    0.9188410968687947,
    0.9149709719052208,
    0.9199345863573909,
    0.9199462342585104,
    0.9154499012353788,
    0.9160270737514138,
    0.9121514155528632,
    0.9145821425949223,
    0.9158308379331619,
    0.9128703088052098,
    0.9157689895794505,
    0.912689705436887,
    0.9165122938246231,
    0.9159895672708303,
    0.9144752702546062,
    0.9132594248731638,
    0.9141603924906515,
    0.9161005766969116,
    0.9140578400260926,
    0.9113978169123227,
    0.9142864388623095
  ]
}