{
  "train_loss": [
    2.776787484364089,
    0.9275308648810101,
    0.763287683352648,
    0.6444890744447412,
    0.5688589376212334,
    0.5148292501266586,
    0.49300354759648457,
    0.4768193127531112,
    0.44609983705009004,
    0.4144681896969368,
    0.4038885104468191,
    0.40069260680771274,
    0.351365992031156,
    0.33620992922454335,
    0.33414957617321267,
    0.31151531353406986,
    0.2988829389774124,
    0.29157420322878075,
    0.2741149408315415,
    0.2774227841550852,
    0.2658016177497833,
    0.2530660686031374,
    0.23408755594169234,
    0.22487677661596805,
    0.22906118327325115,
    0.2216594975818092,
    0.2084327938080021,
    0.2015945973820864,
    0.20042066295927397,
    0.20045327454324596,
    0.18801992775142548,
    0.18725062917155683,
    0.18171021608067295,
    0.18397710329912792,
    0.18112657682770775,
    0.1755107003120273,
    0.17432796197447223,
    0.17547664697282686,
    0.1767340302224038,
    0.17648728744453923
  ],
  "train_acc": [
    0.7651361766050552,
    0.8844621513944223,
    0.9020312193847561,
    0.9091502841094637,
    0.9197309124159101,
    0.9252171641303638,
    0.9278296649467703,
    0.9294624779570244,
    0.9331852916204036,
    0.9310952909672784,
    0.9395859186205996,
    0.9361243550388609,
    0.9405002939063418,
    0.9398471687022402,
    0.9448109202534126,
    0.9406962314675723,
    0.9435699823656195,
    0.9459865456207955,
    0.9463784207432565,
    0.9457252955391549,
    0.9493174841617138,
    0.9472274835085885,
    0.953432172947554,
    0.9553262360394488,
    0.9535627979883744,
    0.954607798314937,
    0.953432172947554,
    0.9555874861210895,
    0.958657174580367,
    0.9533668604271439,
    0.9557181111619097,
    0.9551302984782183,
    0.9576121742538044,
    0.957024361570113,
    0.9572202991313434,
    0.9596368623865195,
    0.9613349879171837,
    0.9617921755600548,
    0.958199986937496,
    0.958591862059957
  ],
  "val_loss": [
    0.5060329920570429,
    0.43728402325476723,
    0.4456200132237956,
    0.2988169764712562,
    0.2947639330302909,
    0.29932712264506917,
    0.4799982693003512,
    0.3003896624939818,
    0.2681741718370214,
    0.28968952367298284,
    0.35827117837584005,
    0.2690707718254755,
    0.2539898067121097,
    0.26022929608697304,
    0.26531159824836714,
    0.2628178926595451,
    0.23541936586643086,
    0.26089251147293124,
    0.2725905052297666,
    0.23005877514617945,
    0.2275141757078928,
    0.22168016419702188,
    0.21216892117056355,
    0.2303772870307183,
    0.25361154000338093,
    0.26893056099193097,
    0.26073417255933257,
    0.2502748645460593,
    0.25594548119646626,
    0.21738903461142892,
    0.2601889475261405,
    0.2467361290782472,
    0.24120194819155408,
    0.2540961136202578,
    0.23879304691728753,
    0.24719878098496326,
    0.2374858809800482,
    0.2490108401642075,
    0.24033543794506396,
    0.24136108683194488
  ],
  "val_acc": [
    0.853448275862069,
    0.8717345872518286,
    0.8795715778474399,
    0.9200626959247649,
    0.8986415882967607,
    0.9166666666666666,
    0.9009926854754441,
    0.9098746081504702,
    0.8991640543364682,
    0.9137931034482759,
    0.9080459770114943,
    0.920846394984326,
    0.9179728317659352,
    0.912748171368861,
    0.9177115987460815,
    0.9263322884012539,
    0.9281609195402298,
    0.9245036572622779,
    0.927115987460815,
    0.9242424242424242,
    0.91901776384535,
    0.9242424242424242,
    0.9299895506792059,
    0.9299895506792059,
    0.9265935214211076,
    0.9216300940438872,
    0.9273772204806687,
    0.9318181818181818,
    0.9323406478578893,
    0.9339080459770115,
    0.9276384535005224,
    0.9284221525600836,
    0.9318181818181818,
    0.9260710553814002,
    0.9294670846394985,
    0.9260710553814002,
    0.9292058516196448,
    0.930773249738767,
    0.9305120167189133,
    0.9294670846394985
  ],
  "val_macro_f1": [
    0.7997482623672338,
    0.8250456245297935,
    0.8248298971792263,
    0.874774536988833,
    0.8586125132548947,
    0.8933254557867484,
    0.8448217095864687,
    0.876716118344739,
    0.8758103013045209,
    0.8852678864811026,
    0.864234118503757,
    0.8948761985131657,
    0.888281089989811,
    0.8949909255534626,
    0.8969758344863787,
    0.8952313921008372,
    0.9005308941474022,
    0.8936097000079315,
    0.8890046134800808,
    0.907208827539399,
    0.9025708471614701,
    0.9052359087822487,
    0.9088186141475356,
    0.901594798216266,
    0.9003438835917149,
    0.887700848428608,
    0.9053730666730795,
    0.9048387057089073,
    0.906673249380232,
    0.9143526300224639,
    0.9017820413056452,
    0.9050792520936642,
    0.9081884314914545,
    0.8999192807482694,
    0.9058676233532701,
    0.8985513021013543,
    0.9036328558076223,
    0.9051289000653812,
    0.9054439907138763,
    0.9060485144344046
  ]
}